Permit No.,Division,Event Date,Address,From,To
DPW1400991,1,3/15/2014,862 PROGRESS ST,CARPENTER WAY,PROGRESS ST
DPW1301434,1,3/16/2013,862 PROGRESS ST,CARPENTER WAY,PROGRESS ST
DPW1400964,2,3/17/2014,112 N PACIFIC AVE,PENN AVE,DEARBORN ST
DPW1308521,2,3/29/2014,7219 KELLY ST,HOMEWOOD AVE,STERRETT ST
DPW1301929,3,3/31/2013,4919 GERTRUDE ST,FLOWERS AVENUE,GLEN CALADH
DPW1401522,1,4/5/2014,2334 MANNHEIM ST,ATMORE,MC COOK
DPW1302018,2,4/6/2013,0 DAVISON ST,STANTON AVE,52ND ST
DPW1401712,3,4/12/2014,5110 CHAPLAIN WAY,W ELIZABETH ST,COURTLAND ST
DPW1401252,3,4/12/2014,5615 WILKINS AVE,WIGHTMAN ST,S NEGLEY AVE
DPW1302006,2,4/19/2013,5330 KINCAID ST,N AIKEN,N ATLANTIC
DPW1301776,2,4/20/2013,7219 KELLY ST,N HOMEWOOD AVE,STERRETT ST
DPW1301848,3,4/20/2013,5615 WILKINS AVE,WIGHTMAN ST,S NEGLEY AVE
DPW1401287,2,4/26/2014,5259 WICKLIFF ST,MCCANDLASS ST,53RD ST
DPW1401673,2,5/1/2014,0 RICHLAND ST,TIOGA ST,SUSQUEHANNA ST
DPW1402088,3,5/4/2014,1214 BENNINGTON AVE,PLAINFIELD,MAYNARD
DPW1300972,3,5/5/2013,1214 BENNINGTON AVE,PLAINFIELD,MAYNARD
DPW1402261,4,5/10/2014,132 GEARING AVE,BLVD WAY,CHALFONT
DPW1402108,2,5/10/2014,3 ELLSWORTH PL,ELLSWORTH PL,
DPW1402069,2,5/10/2014,5210 HARRIETT ST,FAIRMONT ST,ROUP ST
DPW1302863,2,5/11/2013,250 EMERSON ST,ALDER ST,ELLSWORTH AVE
DPW1303000,3,5/11/2013,3235 WARD ST,CATO ST,FRAZIER ST
DPW1302567,1,5/12/2013,256 CARRINGTON ST,SATURN WAY,ARCH ST
DPW1400421,2,5/17/2014,7151 MOUNT VERNON ST,N HOMEWOOD AVE,N LANG ST
DPW1402024,1,5/17/2014,126 FOUNTAIN ST,@ Fountain st,
DPW1402042,2,5/22/2014,0 46TH ST,BUTLER ST,BANCROFT ST
DPW1402260,3,5/23/2014,6920 EDGERTON AVE,S DALLAS,MURTLAND
DPW1303181,3,5/24/2013,6955 WILLARD ST,S DALLAS AVE,S MURTLAND AVE
DPW1402239,3,5/24/2014,839 CHEROKEE ST,CHEROKEE STREET,ANAHEIM STREET
DPW1402526,4,5/25/2014,61 LAFFERTY AVE,MONTOOTH WAY,TAFT WAY
DPW1402517,3,5/25/2014,5510 DARLINGTON RD,MURDOCH,WHITMAN
DPW1402392,3,5/25/2014,505 S MURTLAND ST,WILLARD,EDGERTON
DPW1402662,1,5/25/2014,853 PERALTA ST,EAGLE STREET,CHESTNUT ST
DPW1302909,3,5/26/2013,5510 DARLINGTON RD,MURDOCH,WHITMAN
DPW1303067,4,5/26/2013,61 LAFFERTY AVE,MONTOOTH WAY,TAFT WAY
DPW1402499,1,5/26/2014,828 BEECH AVE,GALVASTON,ROUP WAY
DPW1303270,1,5/27/2013,828 BEECH AVE,GALVASTON,ROUP WAY
DPW1303269,3,5/27/2013,505 S MURTLAND ST,WILLARD,EDGERTON
DPW1303521,2,5/31/2013,1122 N MURTLAND ST,HERMITAGE,MONTICELLO
DPW1401280,1,5/31/2014,3110 WESTBORN ST,CENTRAL AVE,PALEN WAY
DPW1303451,3,6/1/2013,2337 REED ST,CENTRE AVE BRACKENRIDGE,SOHO STREET
DPW1402623,2,6/1/2014,271 PAULSON AVE,MAYFLOWER,AUBURN
DPW1303381,2,6/2/2013,271 PAULSON AVE,MAYFLOWER,AUBURN
DPW1402892,2,6/6/2014,7120 KELLY ST,N LANG,NADIR WAY
DPW1402306,2,6/7/2014,200 YARDLEY WAY,ALDER ST,ELSWORTH AVE
DPW1401067,1,6/7/2014,0 DECATUR ST,SEDGWICK ST,FULTON
DPW1402564,5,6/7/2014,2747 GLENMAWR ST,NARCISSUS AVE,HAMMOND ST
DPW1402837,3,6/7/2014,2337 REED ST,CENTRE AVE BRACKENRIDGE,SOHO STREET
DPW1303567,1,6/8/2013,1 CALIFORNIA AVE,DAVIS AVE,ORCHLEE ST
DPW1303645,4,6/8/2013,225 SYLVANIA AVE,HABERMAN,DELMONT
DPW1303626,2,6/8/2013,1035 DOWNLOOK ST,ANTOINETTE ST,DEAD END
DPW1303607,2,6/8/2013,207 N WINEBIDDLE ST,BROAD ST,DEARBORN ST
DPW1301777,1,6/9/2013,632 CHESTER AVE,HOLYOKE ST,BURGESS ST
DPW1303396,2,6/11/2013,110 WHITFIELD ST,PENN AVE,BAUM BLVD
DPW1303765,1,6/14/2013,1108 SUCCESS ST,WINFRIED ST,DEAD END
DPW1402555,2,6/14/2014,5200 WESTMINSTER PL,ST JAMES,AMBERSON
DPW1402845,3,6/14/2014,107 LANG CT,LANG AVE,PENN AVE
DPW1303557,1,6/15/2013,1251 LIVERPOOL ST,FULTON ST,SEDGEWICK ST
DPW1303514,2,6/15/2013,118 CARVER ST,LARIMER AVENUE,BRADEN WAY
DPW1303504,2,6/15/2013,1117 PORTLAND ST,HAMPTON,BRYANT
DPW1303850,3,6/15/2013,212 W ELIZABETH ST,CHAPLAIN WAY,BLAIR ST
DPW1403039,2,6/15/2014,6756 MCPHERSON BLVD,THOMAS BLVD,DEAD END
DPW1402831,3,6/15/2014,5734 NORTHUMBERLAND ST,NORTHUMBERLAND,AYLESBORO
DPW1403085,2,6/15/2014,7103 MT VERNON ST,NORTH LANG,HOMEWOOD AVE
DPW1303959,1,6/21/2013,0 DECATUR ST,SEDGWICK,FULTON
DPW1403076,2,6/21/2014,1117 PORTLAND ST,HAMPTON,BRYANT
DPW1403287,,6/21/2014,2200 Frankstown AVE,Forest Way,Frankstown Rd
DPW1402824,1,6/21/2014,1143 GOETTMAN ST,BASIN ST,UNNAMED WAY
DPW1402748,2,6/21/2014,7333 IDLEWILD ST,COLLIER ST,STERRETT ST
DPW1402759,2,6/21/2014,5330 KINCAID ST,N AIKEN,N ATLANTIC
DPW1403087,2,6/21/2014,1125 OGLETHORPE ST,WOODBINE ST,1125 OGLETHORPE
DPW1302918,4,6/22/2013,2113 CROSSMAN ST,ST LEO ST,GREGORY ST
DPW1303630,3,6/22/2013,325 DINWIDDIE ST,ROSE,ROBERT
DPW1304115,1,6/22/2013,203 CHESBRO ST,CARPENTER,PROGRESS
DPW1304070,1,6/22/2013,226 LURAY ST,NORWOOD ST,LINWOOD ST
DPW1304065,2,6/25/2013,147 WINSLOW ST,LARIMER AVE,PAULSON AVE
DPW1403314,3,6/26/2014,2000 CENTRE AVE,Soho St,Brackenridge St
DPW1403267,2,6/27/2014,126 N WHITFIELD ST,penn ave,baum blvd
DPW1400699,3,6/28/2014,0 RENOVA ST,GLENBAR WAY,DEAD END
DPW1403356,4,6/28/2014,2113 CROSSMAN ST,grogery st,crossman st
DPW1403078,1,6/28/2014,600 W NORTH AVE,ELOISE ST,W NORTH AVE
DPW1303895,2,6/29/2013,831 N SHERIDAN AVE,JACKSON,STANTON
DPW1303778,2,6/29/2013,1048 N WHEELER ST,MOHLER ST,FERNDALE ST
DPW1303658,1,6/29/2013,0 MONTEREY ST,W NORTH AVE,ELOISE
DPW1302592,3,6/29/2013,2225 BEDFORD AVE,MEMORY LANE,SOMMERS
DPW1303971,4,6/29/2013,1843 FAIRLAND ST,MIDWOOD ST,YALE ST
DPW1403358,4,6/29/2014,810 MONTOOTH ST,michigan st,bigger
DPW1303703,2,6/30/2013,721 COPELAND ST,WALNUT ST,ELMER ST
DPW1302566,2,7/1/2013,559 LENORA ST,VENUS WAY,SHETLAND ST
DPW1303684,2,7/1/2013,6611 JACKSON ST,HEBERTON ST,CONNECTING ROAD
DPW1403566,2,7/1/2014,559 LENORA ST,VENUS WAY,SHETLAND ST
DPW1304320,5,7/4/2013,3101 ASHLYN ST,THORNTON ST,LANDIS ST
DPW1304316,2,7/4/2013,6311 DEAN ST,LARIMER AVENUE,DEAD END
DPW1304317,5,7/4/2013,508 GRACE ST,MANN,DEAD END
DPW1303939,1,7/4/2013,100 E JEFFERSON ST,ARCH ST,SATURN WAY
DPW1303918,2,7/4/2013,6501 SHETLAND AVE,LOWELL,WINFIELD
DPW1303920,3,7/4/2013,1236 MALVERN AVE,FAIR OAKS,PLAINFIELD
DPW1304148,4,7/4/2013,418 JUCUNDA ST,GEORGIA,BELTZHOOVER
DPW1304153,1,7/4/2013,2628 KENN ST,CHARLES ST,WILSON ST
DPW1304241,1,7/4/2013,856 CALIFORNIA AVE,CALIFORNIA AVE,LYSLE ST
DPW1304155,1,7/4/2013,2010 STONELEA ST,OSWEGO ST,KETLER WAY
DPW1304163,1,7/4/2013,416 CATOMA ST,MEADVILLE ST,MYLER ST
DPW1304340,5,7/4/2013,117 SANFORD ST,ESPLEN STREET,FIELD WAY
DPW1304353,4,7/4/2013,141 JUCUNDA ST,IBIS WAY,KNOX AVE
DPW1304165,2,7/4/2013,8214 BRICELYN ST,TOKAY,THORNBUSH
DPW1304371,1,7/4/2013,2041 LAUTNER ST,EGGERS ST,LAUTNER ST
DPW1403048,2,7/4/2014,6327 SHETLAND AVE,WINFIELD ST,LOWELL ST
DPW1403765,2,7/4/2014,8214 BRICELYN ST,thornbush st,tokay st
DPW1403712,1,7/4/2014,100 COMPROMISE ST,FOUNTAIN ST,DUNLOE ST
DPW1403674,2,7/4/2014,6556 DEARY ST,GRAPEVINE ST,LINCOLN AVE
DPW1403604,4,7/4/2014,141 JUCUNDA ST,IBIS WAY,KNOX AVE
DPW1403591,2,7/4/2014,7151 MOUNT VERNON ST,N HOMEWOOD AVE,N LANG ST
DPW1403590,5,7/4/2014,117 SANFORD ST,ESPLEN,FIELD WAY
DPW1403582,1,7/4/2014,3853 OSWEGO ST,OSWEGO,KETLAR WAY
DPW1403524,2,7/4/2014,7302 MOUNT VERNON ST,STERRET STREET,COLLIER STREET
DPW1403511,1,7/4/2014,416 CATOMA ST,MEADVILLE ST,LANARK ST
DPW1403497,1,7/4/2014,1240 RESACA PL,ELOISE,N TAYLOR
DPW1403473,1,7/4/2014,1452 BELDALE ST,CHATEAU ST,MANHATTEN ST
DPW1403448,1,7/4/2014,936 BEECH AVE,ALLEGHENY AVE,GALVESTON
DPW1403391,1,7/4/2014,1506 MONTEREY ST,JACKSONIA ST,ALPINE ST
DPW1403388,4,7/4/2014,127 RENTZ WAY,KNOX AVE,IBIS WAY
DPW1403389,5,7/4/2014,508 GRACE ST,MANN,DEAD END
DPW1403342,5,7/4/2014,1818 HETHLON ST,colescott,wittman st
DPW1403322,3,7/4/2014,127 MOULTRIE ST,5th ave,orr st
DPW1402994,3,7/4/2014,1236 MALVERN AVE,FAIR OAKS,PLAINFIELD
DPW1403763,1,7/4/2014,2041 LAUTNER ST,egger st,lautner st
DPW1403194,2,7/4/2014,148 WINSLOW ST,LARIMER AVENUE,PAULSON AVENUE
DPW1403246,2,7/4/2014,604 SEAGIRT ST,TOKAY,NIMICK
DPW1403281,2,7/4/2014,126 N WHITFIELD ST,N. Charles Street,Dead End
DPW1303371,1,7/5/2013,0 BIDWELL ST,W NORTH AVE,SHEFFIELD ST
DPW1403673,2,7/5/2014,207 N WINEBIDDLE ST,BROAD ST,DEARBORN ST
DPW1303573,5,7/6/2013,3111 W CARSON ST,SAGINAW ST,SANFORD ST
DPW1403178,4,7/6/2014,832 DUNSTER ST,lamione st,abstract st
DPW1304522,5,7/13/2013,3105 ALLENDALE ST,UNIVERSAL ST,ALLENDALE PL
DPW1303568,1,7/13/2013,1 CALIFORNIA AVE,DAVIS AVE,ORCHLEE ST
DPW1304171,5,7/13/2013,3013 BERGMAN ST,SHERWOOD,THORNTON
DPW1403623,1,7/13/2014,0 SHAWANO ST,EAST ST,MIDDLE ST
DPW1303531,2,7/14/2012,6032 STEVENSON PL,S HIGHLAND AVE,SHAKESPERE ST
DPW1304343,1,7/14/2013,99 ROYAL ST,GERSHAWN,NETTIE
DPW1403547,3,7/18/2014,2200 WYLIE AVE,KIRKPATRICK STREET,SOHO STREET
DPW1403544,3,7/18/2014,2200 WYLIE AVE,KIRKPATRICK STREET,SOHO STREET
DPW1404037,1,7/18/2014,1205 DICKSON ST,SHADELAND AVE,FREDRICK ST
DPW1304357,1,7/19/2013,1205 DICKSON ST,SHADELAND AVE,FREDRICK ST
DPW1404067,2,7/19/2014,8214 BRICELYN ST,WILKINSBURG AVE,DORNBUSH ST
DPW1403474,1,7/19/2014,1452 BELDALE ST,CHATEAU ST,MANHATTEN ST
DPW1403997,1,7/19/2014,1319 ALLEGHENY AVE,MANHATTAN ST,DECATUR ST
DPW1403403,3,7/19/2014,2701 CENTRE AVE,CENTRE AVE,ELBA ST
DPW1303574,3,7/20/2013,2701 CENTRE AVE,CENTRE AVE,ELBA ST
DPW1304190,3,7/20/2013,6620 RIDGEVILLE ST,BARNSDALE ST,S DALLAS AVE
DPW1304488,3,7/20/2013,325 RAYMOND ST,NEVADA,OAK GROVE
DPW1304725,,7/20/2013,0 KEYSTONE ST,STANTON AVE,52ND ST
DPW1403875,5,7/20/2014,1268 STRAKA ST,SHIRLEY ST,SANBORN ST
DPW1403539,3,7/20/2014,3167 SHADY AVE,LANDVIEW ROAD,LUDWICK STREET
DPW1403109,2,7/20/2014,5000 DEARBORN ST,N WINEBIDDLE,N MILLVALE
DPW1303528,2,7/21/2013,5020 DEARBORN ST,N MILVALE AVE,WINEBIDDLE ST
DPW1304322,2,7/26/2013,611 N HOMEWOOD AVE,N HOMEWOOD AVE,STERRETT ST
DPW1402506,2,7/26/2014,5800 WAYNE RD,N EUCLID ST,N HIGHLAND AVE
DPW1404052,2,7/26/2014,0 COLONIAL PL,FORBES AVE,TUSTIN ST
DPW1404101,3,7/26/2014,2200 WYLIE AVE,KIRKPATRICK STREET,SOHO STREET
DPW1404312,2,7/26/2014,7128 IDLEWILD ST,N HOMEWOOD AVE,N LANG ST
DPW1304423,3,7/27/2013,2 ROBERTS ST,BEDFORD AVE,WEBSTER AVE
DPW1304847,2,7/27/2013,4719 HATFIELD ST,47TH ST,48TH ST
DPW1304692,3,7/27/2013,612 WATT ST,WYLIE AVENUE,WEBSTER AVENUE
DPW1403975,5,7/27/2014,146 OLYMPIA ST,GRANDVIEW AVE,PIERMONT ST
DPW1304754,2,7/28/2013,725 N EUCLID AVE,E LIBERTY BLVD,STANTON AVE
DPW1403865,2,7/28/2014,6611 JACKSON ST,HEBERTON ST,CONNECTING ROAD
DPW1304927,6,7/29/2013,0 STRAWBERRY WAY,WM PENN PL,MONTOUR WAY
DPW1404265,2,7/31/2014,7120 KELLY ST,N LANG,NADIR WAY
DPW1304617,4,8/2/2013,93 S 24TH ST,S 24TH ST,S 25TH ST
DPW1404429,3,8/2/2014,603 GETTYSBURG ST,GETTYSBURG ST,HASTINGS ST
DPW1403390,5,8/2/2014,508 GRACE ST,MANN,DEAD END
DPW1402893,2,8/2/2014,7120 KELLY ST,N LANG,NADIR WAY
DPW1404302,3,8/2/2014,1178 WINDERMERE DR,@ RAYMOND ST,
DPW1403498,1,8/2/2014,1240 RESACA PL,ELOISE,N TAYLOR
DPW1304318,5,8/3/2013,508 GRACE ST,MANN,DEAD END
DPW1305011,4,8/3/2013,137 ZARA ST,KNOX,AMANDA
DPW1303622,2,8/3/2013,703 MARYLAND AVE,ELMER ST,ELLWOOD ST
DPW1304575,3,8/3/2013,4537 CHATSWORTH ST,TULLYMET ST,GROVER WAY
DPW1403709,1,8/3/2014,1333 PAGE ST,FULTON ST,MANHATTAN ST
DPW1403558,2,8/3/2014,0 SAMOAN WAY,CHISLETT ST,SAMANTHA WAY
DPW1305049,2,8/4/2013,7302 MOUNT VERNON ST,STERRET STREET,COLLIER STREET
DPW1305019,1,8/4/2013,1240 RESACA PL,ELOISE,N TAYLOR
DPW1304938,1,8/4/2013,1325 PAGE ST,MANCHESTER,
DPW1304338,2,8/4/2013,7241 RACE ST,N HOMEWOOD AVE,IDLEWILD ST
DPW1404519,3,8/5/2014,6444 MONITOR ST,SANDALS WAY,SANDALS WAY
DPW1404107,2,8/5/2014,7324 MONTICELLO ST,STERRETT ST,BRUSHTON AVE
DPW1404469,2,8/5/2014,0 N EVALINE ST,DEARBORN ST,BROAD ST
DPW1404208,2,8/5/2014,232 S PACIFIC AVE,CORAL,FRIENDSHIP AVE
DPW1404477,1,8/5/2014,619 TRIPOLI ST,EAGLE WAY,RETAIL WAY
DPW1402935,1,8/5/2014,0 ARCH ST,ALPINE ST,SAMPSONIA ST
DPW1404546,2,8/5/2014,1596 VILLANOVA RD,CHISLETT STREET,DEAD END
DPW1305307,4,8/6/2013,181 S 17TH ST,EDWARDS WAY,DEAD END
DPW1304798,2,8/6/2013,7324 MONTICELLO ST,sterrett st,brushton ave
DPW1303260,3,8/6/2013,6536 DARLINGTON RD,MOWHATTAN ST,BEACON ST
DPW1304892,2,8/6/2013,232 S PACIFIC AVE,CORAL,FRIENDSHIP AVE
DPW1303424,1,8/6/2013,1226 PALO ALTO ST,SAMPSONIA ST,ALPINE ST
DPW1404674,2,8/7/2014,1105 CHISLETT ST,HAMPTON ST,BRYANT ST
DPW1305092,2,8/8/2013,6327 SHETLAND AVE,windfield,lowell st
DPW1404415,2,8/9/2014,285 45TH ST,45TH ST,WERNEBUDD WAY
DPW1403447,2,8/9/2014,346 SPAHR ST,ALDER ST,COLLEGE AVE
DPW1404577,,8/9/2014,0 CAREY WAY,S 27TH ST,S 28TH ST
DPW1402867,3,8/9/2014,671 BRYN MAWR RD,OSSIPEE ST,LYON ST
DPW1304886,2,8/10/2013,7151 MOUNT VERNON ST,N HOMEWOOD AVE,N LANG ST
DPW1304983,,8/10/2013,0 CAREY WAY,S 27TH ST,S 28TH ST
DPW1304427,2,8/10/2013,4900 HATFIELD ST,HATFIELD,HARRISON
DPW1303569,1,8/10/2013,1 CALIFORNIA AVE,DAVIS AVE,ORCHLEE ST
DPW1305081,3,8/10/2013,1178 WINDERMERE DR,@ Raymond st,
DPW1403764,4,8/10/2014,60 S 18TH ST,SOUTH 17TH STREET,SOUTH 18TH STREET
DPW1403876,2,8/10/2014,6115 CALLERY ST,N SHERIDAN,HEBERTON
DPW1402778,2,8/10/2014,7241 RACE ST,N HOMEWOOD AVE,IDLEWILD ST
DPW1305031,1,8/11/2013,0 SHAWANO ST,EAST ST,MIDDLE ST
DPW1305090,3,8/11/2013,1347 SQUIRREL HILL AVE,Plainfield ave,maynard
DPW1305098,2,8/11/2013,7356 KELLY ST,collier st,sterrett st
DPW1301959,4,8/11/2013,60 S 18TH ST,S 17TH ST,S 18TH ST
DPW1404140,1,8/13/2014,1608 CHATEAU ST,MANHATTAN ST,CHATEAU ST
DPW1305051,3,8/14/2013,179 ROBINSON ST,DECRE,ROBINSON
DPW1305654,2,8/16/2013,1657 DUFFIELD ST,bryant,martha
DPW1404560,2,8/16/2014,0 49TH ST,PLUM WAY,HATFIELD ST
DPW1404561,2,8/16/2014,4840 BLACKBERRY WAY,48TH ST,49TH ST
DPW1402028,2,8/16/2014,5128 DEARBORN ST,N. EVALINE,WINNEBIDDLE
DPW1404554,2,8/16/2014,330 PERCY ST,BESSEMER,HUGO WAY
DPW1404552,2,8/16/2014,405 NATRONA WAY,52ND ST,MCANDLASS AVE
DPW1404460,2,8/16/2014,4814 BLACKBERRY WAY,48TH ST,49TH ST
DPW1404559,2,8/16/2014,5325 CARNEGIE ST,MACANDLASS ST,53RD ST
DPW1404556,2,8/16/2014,4312 PLEASANT WAY,41ST/42ND,43RD/44TH
DPW1404555,2,8/16/2014,0 HUGO WAY,PERCY ST,44TH ST
DPW1404637,1,8/16/2014,1926 BADER ST,DAMAS,ASYLUM
DPW1303779,2,8/17/2013,1048 N WHEELER ST,MOHLER ST,FERNDALE ST
DPW1304802,2,8/17/2013,415 DARGAN ST,mott way,minerva
DPW1404765,2,8/17/2014,7906 FRANKSTOWN AVE,bennett st,frankstown ave
DPW1404161,2,8/17/2014,5210 WESTMINSTER PL,AMBERSON,ST JAMES
DPW1404624,1,8/17/2014,0 ELOISE ST,RESACA PL,FILSON ST
DPW1305361,1,8/18/2013,1240 RESACA PL,ELOISE,N TAYLOR
DPW1305210,3,8/18/2013,5411 NORTHUMBERLAND ST,FORBES,SQUIRREL HILL
DPW1304666,,8/18/2013,5196 COLUMBO ST,COLUMBO STREET,GRETNA WAY
DPW1304598,2,8/18/2013,7906 FRANKSTOWN AVE,FRANKSTOWN AVE,BENNETT ST
DPW1305787,3,8/23/2013,1901 5TH AVE,Forbes ave,Watson st
DPW1305843,4,8/23/2013,237 ROCHELLE ST,KNOX AVE,GRIMES ST
DPW1403796,3,8/23/2014,301 S CRAIG ST,FORNES AVE,WINTHROP ST
DPW1404928,1,8/23/2014,0 N FRANKLIN ST,LIVERPOOL,DECATUR
DPW1404629,4,8/23/2014,139 ODETTE ST,IVYGLENN ST,HORNING ST
DPW1403893,1,8/23/2014,1415 SEDGWICK ST,PENNSYLVANIA AVE,LIVERPOOL ST
DPW1405116,2,8/23/2014,4314 MAIN ST,MAIN,CANOE WAY
DPW1405016,2,8/23/2014,335 HALE ST,BENNETT ST,KELLY ST
DPW1404946,2,8/23/2014,0 N SHERIDAN AVE,N SHERIDAN AV,COLLINS AVE
DPW1404947,2,8/23/2014,208 ROLFE ST,WILKINSBURG AVE,DORNBUSH AVE
DPW1304334,4,8/24/2013,1641 BELTRAM AVE,BELTRAM,BARBADOS
DPW1305623,1,8/24/2013,1913 LOOKOUT ST,Alroy Way,Eggers Street
DPW1305923,2,8/24/2013,335 HALE ST,BENNETT ST,KELLY ST
DPW1305738,3,8/24/2013,100 N BELLEFIELD AVE,5th ave,Bayard
DPW1305009,2,8/24/2013,4314 MAIN ST,CANOE,MAIN
DPW1404562,3,8/24/2014,5411 NORTHUMBERLAND ST,FORBES,SQUIRREL HILL
DPW1402912,3,8/24/2014,5324 POCUSSET ST,POCUSSETT RD,PHILLIPS AVE
DPW1404437,3,8/24/2014,906 MILTON ST,HENRIETTA,OVERTON
DPW1404688,3,8/24/2014,2701 CENTRE AVE,CENTRE AVE,ELBA ST
DPW1303693,3,8/25/2013,5324 POCUSSET ST,GREENFIELD RD,PHILLIPS AVE
DPW1303422,3,8/25/2013,906 MILTON ST,HENRIETTA,OVERTON
DPW1304726,2,8/28/2013,250 S PACIFIC AVE,FRIENDSHIP AVE,CORAL ST
DPW1306156,5,8/30/2013,3105 ALLENDALE ST,ALLENDALE PL,UNIVERSAL ST
DPW1404632,2,8/30/2014,5173 DEARBORN ST,N PACIFIC/DEARBORN,BROAD ST/N EVALINE
DPW1404958,1,8/30/2014,0 WARLO ST,SEDGEWICK ST,FULTON ST
DPW1302587,2,8/31/2013,5327 MCCANDLESS AVE,54TH ST,53RD ST
DPW1305045,1,8/31/2013,1433 DICKSON ST,PLOUGH ST,MULLINS ST
DPW1306082,1,8/31/2013,2334 MANNHEIM ST,ATMORE,MC COOK
DPW1305841,1,8/31/2013,0 FULTON ST,COLUMBUS ST,ADAMS ST
DPW1306115,2,8/31/2013,7320 HERMITAGE ST,SERRETT ST,COLLIER
DPW1306140,2,8/31/2013,7344 KELLY ST,BRUSHTON AVE,DURANGO WAY
DPW1404976,3,8/31/2014,315 ROBERTS ST,CENTRE AVE,REED ST
DPW1404977,3,8/31/2014,707 WATT LN,BEDFORD AVE,WEBSTER AVE
DPW1405038,2,8/31/2014,908 WELLESLEY RD,WELLESLEY AVE,CUL DE SAC
DPW1402518,3,8/31/2014,5510 DARLINGTON RD,MURDOCH,WHITMAN
DPW1404679,4,8/31/2014,0 CLIMAX ST,WALTER,HELEN WAY
DPW1404821,3,8/31/2014,173 DEVILLIERS ST,DEVILLIERS ST,SWEENY ST
DPW1404868,2,8/31/2014,7082 LEMINGTON AVE,LEMINGTON AVE,MONTEZUMA ST
DPW1404971,2,8/31/2014,1222 N SHERIDAN AVE,BRYANT,GRAFTON
DPW1302910,3,9/1/2013,5510 DARLINGTON RD,MURDOCH,WHITMAN
DPW1306199,4,9/1/2013,137 ZARA ST,KNOX,CHALROCK WAY
DPW1305758,2,9/1/2013,921 WELLESLEY RD,WELLESLEY AVE,CUL DE SAC
DPW1305552,2,9/1/2013,1222 N SHERIDAN AVE,BRYANT,GRAFTON
DPW1305544,2,9/1/2013,7082 LEMINGTON AVE,LEMINGTON AVE,MONTEZUMA ST
DPW1305509,3,9/1/2013,2 ROBERTS ST,REED ST AVE,CENTRE AVE
DPW1305308,4,9/1/2013,0 CLIMAX ST,WALTER,HELEN WAY
DPW1305316,1,9/2/2013,3250 BAINTON ST,JUPITER WAY,RICHARDSON AVE
DPW1305971,3,9/2/2013,272 ANITA AVE,FERNWALD,GILDA
DPW1404852,2,9/2/2014,4947 WALLINGFORD ST,DEVONSHIRE AVE,MOREWOOD AVE
DPW1404350,3,9/5/2014,3107 HAMLET ST,CRAFT,BLVD OF THE ALLIES
DPW1305353,3,9/6/2013,3107 HAMLET ST,CRAFT,BLVD OF THE ALLIES
DPW1405263,3,9/6/2014,5454 ALBEMARLE AVE,FORBES AVE,SQUIRELL HILL AVE
DPW1405057,3,9/6/2014,1422 SEVERN ST,WILKINS,NORTHUMBERLAND
DPW1405198,2,9/6/2014,7114 MEADE ST,N LANG AVE,N HOMEWOOD AVE
DPW1404838,1,9/6/2014,120 PARKHURST ST,SANDUSKY ST,LORAINE ST
DPW1404430,1,9/6/2014,3104 NORWOOD AVE,NORWOOD RD,VILLAGE PARK
DPW1405319,2,9/6/2014,415 STRATTON LN,WALNUT,HOWE
DPW1404998,4,9/6/2014,578 DORCHESTER AVE,KNOWLSON,MIDLAND
DPW1306105,2,9/7/2013,7114 MEADE ST,N LANG AVE,N HOMEWOOD AVE
DPW1306303,,9/7/2013,MT VERNON ST,NORTH HOMEWOOD,NORTH LANG
DPW1305322,5,9/7/2013,509 RIDGEMONT DR,SPRINGFIELD,
DPW1305925,2,9/7/2013,5536 BEVERLY PL,NORTH NEGLEY AVENUE,KING AVENUE
DPW1306228,2,9/7/2013,415 STRATTON LN,WALNUT,HOWE
DPW1304565,4,9/7/2013,731 EXCELSIOR ST,MILBRIDGE,ALLEN
DPW1305105,3,9/7/2013,1422 SEVERN ST,WILKINS,NORTHUMBERLAND
DPW1305324,3,9/7/2013,4151 WINDSOR ST,LILAC,KENNEBEC
DPW1305840,1,9/7/2013,3104 NORWOOD AVE,NORWOOD RD,VILLAGE PARK
DPW1404885,3,9/7/2014,5507 DUNMOYLE AVE,KIPLING,WIGHTMAN
DPW1405194,3,9/7/2014,0 FERNWALD RD,BEECHWOOD BLVD,ANITA
DPW1405249,3,9/7/2014,1214 BENNINGTON AVE,FAIR OAKS,MAYNARD
DPW1306070,3,9/8/2013,1133 OLIVIA ST,ONADEGO,OBER
DPW1305917,3,9/8/2013,2880 FERNWALD RD,BEECHWOOD BLVD,ANITA
DPW1304431,3,9/8/2013,1214 BENNINGTON AVE,FAIR OAKS,MAYNARD
DPW1306112,3,9/8/2013,6609 KINSMAN RD,S. DALLAS,WILKINS
DPW1405525,4,9/10/2014,137 ZARA ST,KNOX,CHALROCK WAY
DPW1306270,2,9/13/2013,7436 PENFIELD CT,CARNEGIE ST,N BRADDOCK AVE
DPW1405392,2,9/13/2014,370 ROUP AVE,HARRIET,FRIENDSHIP
DPW1405571,5,9/13/2014,2438 HAYSON AVE,SILVER OAK,RED OAK
DPW1405248,5,9/13/2014,2935 STRACHAN AVE,HILLSDALE AVE,POTOMAC AVE
DPW1404633,2,9/13/2014,1426 MORNINGSIDE AVE,VETTER,VILSACK
DPW1405179,3,9/13/2014,4151 WINDSOR ST,LILAC,KENNEBEC
DPW1405242,3,9/13/2014,209 DUNSEITH ST,TERRACE ST,DARRAGH
DPW1405413,4,9/13/2014,1208 FORTUNA AVE,SUSSEX,NORABELL
DPW1405498,1,9/13/2014,1822 ADAMS ST,CHEAT,MANHATTAN
DPW1405323,2,9/13/2014,352 W PENN PL,S EVALINE,HARRIET
DPW1304372,2,9/14/2013,1426 MORNINGSIDE AVE,VETTER,VILSACK
DPW1303570,1,9/14/2013,1 CALIFORNIA AVE,DAVIS AVE,ORCHLEE ST
DPW1306421,4,9/14/2013,1208 FORTUNA AVE,SUSSEX,NORABELL
DPW1306409,3,9/14/2013,701 MORGAN ST,BEDFORD,WEBSTER
DPW1306350,2,9/14/2013,352 W PENN PL,S EVALINE,HARRIET
DPW1306163,1,9/14/2013,1214 LIVERPOOL ST,FULTON STREET,SEDGEICK STREET
DPW1306275,3,9/14/2013,209 DUNSEITH ST,TERRACE ST,DARRAGH
DPW1306075,4,9/14/2013,181 S 17TH ST,MARY ST,DEAD END
DPW1405406,1,9/14/2014,0 MONTEREY ST,W NORTH AVE,N TAYLOR AVE
DPW1404693,3,9/14/2014,5473 FAIR OAKS ST,WILKINS,INVERNESS
DPW1404689,3,9/14/2014,1205 INVERNESS AVE,PLAINFIELD ST,MAYNARD ST
DPW1405081,3,9/14/2014,6609 KINSMAN RD,S. DALLAS,WILKINS
DPW1404691,1,9/14/2014,600 FORELAND ST,EAST ST,MIDDLE ST
DPW1405479,5,9/14/2014,2054 CROSBY AVE,LOS ANGELES,ALTON WAY
DPW1405368,3,9/14/2014,1118 WIGHTMAN ST,DUNMOYLE ST,FAIR OAKS ST
DPW1306102,1,9/15/2013,0 MONTEREY ST,W NORTH AVE,N TAYLOR AVE
DPW1306094,3,9/15/2013,5854 SOLWAY ST,MURRAY,SHADY
DPW1306168,2,9/15/2013,5530 HOWE ST,BELLFONTE,COPELAND
DPW1305908,1,9/15/2013,600 FORELAND ST,EAST ST,MIDDLE ST
DPW1305827,4,9/15/2013,2201 LYNNBROOK AVE,MARLOFF ST,ALTAVIEW
DPW1306391,1,9/20/2013,1222 PALO ALTO ST,ELOISE ST,N TAYLOR AVE
DPW1405713,3,9/20/2014,6400 WILKINS AVE,WILKINS AVE,HASTINGS ST
DPW1405701,1,9/20/2014,3546 CAMPUS ST,ACACIA ST,DIPLOMA ST
DPW1405346,3,9/20/2014,6371 BURCHFIELD AVE,SHADY AVE,BEECHWOOD BLVD
DPW1405577,3,9/20/2014,325 DINWIDDIE ST,ROSE,ROBERT
DPW1306449,3,9/21/2013,1 TECUMSEH ST,2ND AVE,GLOSTER ST
DPW1305330,2,9/21/2013,346 SPAHR ST,ALDER ST,COLLEGE AVE
DPW1305928,3,9/21/2013,5727 WOODMONT ST,MURRAY,S. NEGLEY
DPW1306229,3,9/21/2013,1348 DENNISTON ST,HASTINGS,WILKINS
DPW1405773,4,9/21/2014,330 BIGBEE ST,aline way,etta way
DPW1405189,3,9/21/2014,7114 CARD LN,S LANG,OSAGE
DPW1405712,3,9/21/2014,1133 OLIVIA ST,ONENDAGO ST,OBER ST
DPW1405382,3,9/21/2014,1235 MURDOCH RD,MAYNARD,WOODMONT
DPW1405794,3,9/21/2014,937 LACLAIR ST,HENRIETTA,OVERTON
DPW1306454,3,9/22/2013,1236 MALVERN AVE,FAIR OAKS,PLAINFIELD
DPW1306707,5,9/22/2013,2432 HAYSON AVE,SILVER OAK DR,RED OAK DR
DPW1306326,3,9/22/2013,203 CARNEGIE PL,PENN AVENUE,REYNOLDS STREET
DPW1306364,3,9/22/2013,6371 BURCHFIELD AVE,SHADY AVE,BEECHWOOD BLVD
DPW1405351,3,9/27/2014,5727 WOODMONT ST,MURRAY,S. NEGLEY
DPW1405328,4,9/27/2014,181 S 17TH ST,S 17TH,S 18TH ST
DPW1405312,,9/27/2014,BOYLE,HEMLOCK ST,CITRON WAY
DPW1405335,3,9/27/2014,201 ELYSIAN ST,5TH,HASTINGS
DPW1405833,1,9/27/2014,3280 ORLEANS ST,PORTOLA AVENUE,ORLEANS STREET
DPW1405586,1,9/27/2014,3854 BAYTREE ST,BAYTREE STREET,BONVUE
DPW1306836,2,9/28/2013,0 S WINEBIDDLE ST,GEM WAY,CORAL ST
DPW1306240,1,9/28/2013,3546 CAMPUS ST,ACACIA ST,DIPLOMA ST
DPW1405569,3,9/28/2014,101 CARNEGIE PL,PENN AVE,REYNOLDS ST
DPW1306532,4,9/29/2013,578 DORCHESTER AVE,KNOWLSON,MIDLAND
DPW1306357,3,9/29/2013,937 LACLAIR ST,HENRIETTA,OVERTON
DPW1405593,3,10/2/2014,0 EDNA ST,MILTENBERGER ST,VAN BRAHM ST
DPW1405594,3,10/2/2014,0 MILTENBERGER ST,BLVD OF THE ALLIES,LOCUST ST
DPW1306988,1,10/4/2013,1000 COLUMBUS AVE,CHATEAU AVE,MANHATTAN AVE
DPW1306737,4,10/5/2013,519 CHALFONT ST,BELTZHOOVER,BERND
DPW1306422,1,10/5/2013,118 RICHEY AVE,RUGGLES,PERRYSVILLE
DPW1306118,3,10/6/2013,1235 MURDOCH RD,MAYNARD,WOODMONT
DPW1306624,1,10/12/2013,1 CALIFORNIA AVE,DAVIS AVE,ORCHLEE ST
DPW1307032,2,10/12/2013,5330 KINCAID ST,N AIKEN,N ATLANTIC
DPW1307024,1,10/12/2013,1343 ADAMS ST,ADAMS ST,COLUMBUS ST
DPW1306966,1,10/12/2013,3280 ORLEANS ST,PORTOLA AVENUE,ORLEANS STREET
DPW1307117,2,10/13/2013,405 NATRONA WAY,52ND ST,MCANDLASS AVE
DPW1307115,2,10/15/2013,4918 KINCAID ST,MILLVALE ST,WINEBIDDLE ST
DPW1307174,3,10/16/2013,1911 WYLIE AVE,DINWIDDIE,DEVILLIERS
DPW1307168,2,10/17/2013,227 S SAINT CLAIR ST,S ST CLAIR,STANMAR WAY
DPW1405902,3,10/18/2014,1854 FORBES AVE,FORBES AVE,TUSTIN ST
DPW1307001,1,10/20/2013,3854 BAYTREE ST,BAYTREE,BONVUE
DPW1406724,4,10/24/2014,306 ALRIES ST,TRANSVERSE,FRIDELL
DPW1307393,1,10/26/2013,1104 BRABEC ST,PROVINCE ST,BASIN ST
DPW1307371,2,10/26/2013,173 HOME ST,HOME ST,47TH ST
DPW1307025,2,10/26/2013,136 S GRAHAM ST,LATHAM ST,S GRAHAM ST
DPW1406774,3,10/26/2014,18 MELBA PL,CABEL PL,SEMPLE ST
DPW1406579,3,10/30/2014,5401 GLENWOOD AVE,MANSION ST,JASON WAY
DPW1307616,4,10/31/2013,407 GEARING AVE,SYLVANIA,FREELAND
DPW1307564,2,10/31/2013,415 STRATTON LN,WALNUT,HOWE
DPW1307421,3,10/31/2013,1232 MALVERN AVE,FAIR OAKS,PLAINFIELD
DPW1307265,1,10/31/2013,936 BEECH AVE,ALLEGHENY AVE,BRIGHTON RD
DPW1406163,2,10/31/2014,7123 KELLY ST,N HOMEWOOD AVE,N LANG AVE
DPW1406587,2,10/31/2014,280 FISK ST,DAVISON ST,GOVERNMENT WAY
DPW1406330,1,10/31/2014,936 BEECH AVE,ALLEGHENY AVE,BRIGHTON
DPW1406697,4,10/31/2014,524 DELMONT AVE,DELMONT ST,GEARING ST
DPW1405500,1,10/4/2014,20 RICHEY AVE,PERRYSVILLE AVE,RICHEY AVE
DPW1307687,4,11/2/2013,2201 SALISBURY ST,STERLING ST,FERNLEAF ST
DPW1307612,2,11/9/2013,5901 STANTON AVE,STANTON AVE,ROBLEY WAY
DPW1307792,2,11/9/2013,6615 BAKER ST,BUTLER ST,PRIMO ST
DPW1407234,6,11/16/2014,100 24TH ST,SMALLMAN ST,PENN AVE
DPW1407294,3,12/6/2014,0 REYNOLDS ST,GETTYSBURG,HASTINGS
DPW1406429,2,12/6/2014,0 HARVARD SQ,N HIGHLAND AVE,
DPW1407518,,12/6/2014,0 CAREY WAY,S 27TH ST,S 28TH ST
DPW1307161,2,12/7/2013,250 N HIGHLAND AVE,N HIGHLAND AVE,PENN CIRCLE E
DPW1308415,,12/14/2013,0 CAREY WAY,S 27TH ST,S 28TH ST
DPW1407904,4,12/20/2014,1220 BREED ST,ENON WAY,S 12TH ST
DPW1308430,4,12/21/2013,145 S 12TH ST,ENON WAY,S 12TH ST
DPW1402563,,,2747 glenmawr,,